Title,Genre,Estimated time to beat,Actual time to beat,Time Played,Estimated time to Complete,Actual time to complete,Price,Owned,Console,Play order,,
Mario Kart World,Racing,4,,,41,,$80.00,No,Switch 2,,,
The Rogue Prince,Roguelite,4,2.5,12,32,12,$30.00,Yes,PC,2,,
Firewatch,Story/Puzzle,5,,,8,,$20.00,Yes,PC,,,
Dark Souls 3 DLC,Soulslike,8,,,20,,$30.00,Yes,PC,,,
Outer Wilds DLC,Puzzle,11,,,16,,$60.00,Yes,PC,,,
Inscryption,Deck Building?,12,,,20,,$20.00,Yes,PC,,,
Psychonauts,???,12,,,20,,$10.00,Yes,PC,,,
Doom Eternal,Shooter,15,,,20,,$40.00,Yes,PC,,,
Psychonauts 2,???,15,,,27,,$60.00,Yes,PC,,,$50 with Switch 2 Bundle
Donkey Kong Bananza,Adventure,18,,,46,,$70.00,No,Switch 2,,,
Jedi Fallen Order,Adventure,18,,,30,,$60.00,Yes,PC,,,
TALOS Principle,Puzzle,21,,,30,,$25.00,Yes,PC,,,
Neon White,Rush,19,,,40,,$25.00,Yes,PC,,,
Another Crab's Treasure,Soulslike,20,24,24,30,24,$30.00,Yes,PC,4,,
Nine Sols,Metroidvania,21,28,28,33,29.5,$30.00,Yes,PC,1,,
Rain World,Puzzle/Adventure,22,,,40,,$25.00,Yes,PC,,,
Elden Ring DLC,Soulslike,26,,,51,,$20.00,No,PC,,,
Sekiro,Soulslike,40,,,60,,$60.00,Yes,PC,,,
Horizon Forbidden West,Adventure,40,,,100,,$60.00,Yes,PC,,,
Elden Ring,Soulslike,60,,40,150,,$60.00,Yes,PC,12,,
Star of Providence,Roguelite,11,,1.5,63,,$15.00,Yes,PC,3,,
Cocoon,Puzzle,5,,,5.5,,$25.00,Yes,PC,,,
Time Flies,Silly :p,1.5,2,2,2.5,2,$15.00,Yes,PC,10,,
Unsighted,Action/Adventure,8.5,9,9,28,,$20.00,Yes,PC,8,,
Haiku the Robot,Metroidvania,7,6.5,7.3,11,7.3,$20.00,Yes,PC,7,,
Myst,Puzzle,5.5,,,6.5,,$35.00,No,PC,,,
Blue Prince,Puzzle roguelite,17.5,,,93,,$30.00,Yes,PC,,,
Laika: Aged through Blood,Motorvania,18,,6.5,24,,$20.00,Yes,PC,5,,
Keeper,Puzzle platformer,5,,,5.5,,$30.00,No,PC,,,
Silksong,Metroidvania,27.5,40,60,59,60,$20.00,Yes,PC,9,,
Spider-Man: Miles Morales,Action/Adventure,7.5,,,13.5,,,Yes,PC,,,
Spider-Man 2,Action/Adventure,17,,,28.5,,,Yes,PC,,,
Windswept,Platformer,13,,,21,,,No,PC,,,
Split Fiction,Two-Player Action/Adventure,14.5,14.5,14.5,,,,Yes,PC,11,,
Rhythm Doctor,music,4,,,15.5,,$20.00,No,PC,,,
,,104,126.5,,167.5,134.8,,,,,,
,,,121.63%,,,80.48%,,,,,,