Date,Category,Action
1/20/2026,Mind,Website
1/20/2026,Body,Climbing
1/20/2026,Spirit,Quiet time
1/20/2026,Mind,3D Printing
1/20/2026,Exceptional,Started log!
1/20/2026,Spirit,Planning
1/21/2026,Mind,
1/21/2026,Body,Climbing
1/21/2026,Spirit,Cleaning
1/22/2026,Mind,
1/22/2026,Body,
1/22/2026,Spirit,LEGOing
1/23/2026,Mind,Piano
1/23/2026,Body,
1/23/2026,Spirit,
1/24/2026,Mind,Skiing
1/24/2026,Body,Skiing
1/24/2026,Spirit,Skiing
1/25/2026,Mind,Skiing
1/25/2026,Body,Skiing
1/25/2026,Spirit,Skiing
1/26/2026,Body,
1/26/2026,Spirit,
1/26/2026,Mind,Piano
1/27/2026,Body,Hiking
1/27/2026,Spirit,Hiking
1/27/2026,Mind,Planning
1/27/2026,Exceptional,Birthday!!
1/28/2026,Mind,3D Modeling
1/28/2026,Body,Climbing
1/28/2026,Spirit,Planning
1/29/2026,Mind,3D Modeling
1/29/2026,Body,Climbing
1/29/2026,Spirit,Reading
1/29/2026,Mind,Piano