Date,Name,Year,Letterboxd URI,Rating,Rewatch,Review,Tags,Watched Date
2026-02-01,Popstar: Never Stop Never Stopping,2016,https://boxd.it/cVaXrT,3.5,,Watching this in 2026 makes it feel like a period piece,,2026-01-26
2026-01-24,Marty Supreme,2025,https://boxd.it/cMU7BX,5,,"Move over 'Balls of Fury,' there's a new king of table tennis movies!

But seriously, what a ride. Marty is such an absolute menace you can't decide if you want him to succeed or not. Superb acting and cinematography.",,2026-01-22
2026-01-13,The Housemaid,2025,https://boxd.it/cBlgkx,4,,"Well that was ...sexy.
Was anyone acting reasonably? No. But they were hot as hell and it was quite a fun ride!",,2026-01-05
2025-12-22,Knives Out,2019,https://boxd.it/caqn6z,5,Yes,"Doing a rewatch after watching the third. I think we all owe Rian Johnson an apology for how we treated him after star wars.
This is really just everything I want out of a whodunnit. But it's so much more than a whodunnit in its narrative complexity - the emotional tension comes from not wanting our detective to think our lead did the crime! It's just fantastic storytelling with enjoyable characters and splendid settings and cinematography.",,2025-12-22
2025-12-22,Glass Onion,2022,https://boxd.it/caqv3t,4,Yes,"When this came out, everyone begged me to watch it. I think they thought I would love the puzzles.
But oh my God I could not stand how dumb all of the characters were, especially our detective!! Well I know it turns out he was faking it, but I was still mad at it for most of the movie.
...which is why I very much enjoyed this rewatch.
The least emotionally resonant of the trilogy, but just some good fun.",,2025-12-20
2025-12-18,Wake Up Dead Man,2025,https://boxd.it/c5HSQx,5,,"Hot damn do I love a whodunnit! I wanted to pause every 20 minutes to make a new guess. Packed with clues and gorgeous imagery, I wanted to watch it again immediately! It maturely and beautifully shows the potential harms and benefits of religion, even squeezing some tears out of me in sudden and unexpected, rich  moments.",,2025-12-16
2025-12-14,The Dinner Plan,2025,https://boxd.it/c2hdcn,,,"Beautiful food shots!
So goofy and anxious, but shot with such seriousness. 
I always have a hard time connecting with a main character who acts so ridiculously.",,2025-12-13
2025-12-14,"Me, Myself & the Void",2023,https://boxd.it/c2ueRd,4.5,,Chris and Jack are truly hilarious. It was a joy to see one of their bits extended to a feature film!,,2025-12-13
2025-12-12,Now You See Me: Now You Don't,2025,https://boxd.it/c12mu7,1.5,,"Mostly flat performances from a knockout cast. I can't blame them, with a story and dialogue like this. Doubly disappointing with such great potential for effects and story-telling.",,2025-12-11
2026-01-31,Wicked: For Good,2025,https://letterboxd.com/theorangeblur/film/wicked-for-good/,3.5,,,,2025-12-09
2025-12-10,Boogie Nights,1997,https://boxd.it/bZlwcH,4.5,,"""But I don't want to make a film where they show up, they sit down, they jack off, and they get up and they get out before the story ends. It is my dream, it is my goal, it is my idea to make a film where the story just sucks them in. And when they spurt out that joy juice, they've got to just sit in it. They can't move before the story ends. You know, I want to make a film like that.""",,2025-12-08
2025-12-05,The Holdovers,2023,https://boxd.it/bVPpqB,5,,"I think I have a new favorite Christmas movie...!!!
Many Christmas movies fall into the trope of ""trying to discover the true meaning of Christmas,"" where the characters in this film are trying to discover their purpose in life, which gets informed by the holiday festivities. All beautiful, flawed, rich characters with fantastic performances. A movie that gives me hope for the future... and isn't that the true meaning of Christmas? ;)",,2025-12-01
2025-12-01,Yesterday,2019,https://boxd.it/bTo6Hh,3.5,,Very charming. Perhaps simple story writing with a very fun idea. I wanted much more from the music side.,,2025-11-29
2025-12-01,Crazy Rich Asians,2018,https://boxd.it/bToiHt,4,,Gorgeously shot Asian fairy-tale,,2025-11-28
2025-11-24,The Running Man,2025,https://boxd.it/bP0Wal,3,,"The long walk but sci-fi and more edgy.
And with horrible dialogue.
I can't tell if the movie was trying to be camp, but oh boy was it cheesy.
I enjoyed the world and found myself having a good time all the way through.",,2025-11-23
2025-11-10,Smile 2,2024,https://boxd.it/bFgqFX,5,,"I have to give this movie five stars because no other movies has scared me so badly. And it was a blast the whole time. A phenomenal sequel that had me yelling, shaking, and staying up at night.",,2025-11-09
2025-11-10,Smile,2022,https://boxd.it/bFgnU1,4,,I watched Smile and it's sequel yesterday and I had to turn my light on and read for an hour at 4am to unfreak myself,,2025-11-08
2025-11-04,Talk to Me,2022,https://boxd.it/bAVGfX,4,,"Scariest movie I've seen in quite a long time. This movie made me feel intensely upset in a way that I'm not sure a movie has ever done for me before. I wanted to scream at every character. I wanted to cry for every character. I wanted to be a billion miles away from every character. 
Don't ever ask me to talk to spirits, I won't do it.",🕯,2025-10-31
2025-10-28,Frankenstein,2025,https://boxd.it/bw9kAH,2,,"TLDR: But like why?

Victor Frankenstein is the real monster. We get it. But in most tellings,you can still empathize with him... Not so in this film. And yet the Creature forgives him? Why??
At many points during the movie I asked myself who this movie is for. It's quite gory and seems to take itself very seriously, but also fails to really lean into the deeper more horrifying ideas suggested by the plot.",,2025-10-27
2025-10-25,Weapons,2025,https://boxd.it/btMAP5,4,,"Weird, wacky, and wonderful.
I heard that Peele fired someone over not getting to direct this movie... And I wish I lived in the timeline where he was involved with it.
The horrifying sub-text of this being like a school shooting gives the film a deeper feeling of real horror. Many of the characters act out their grief in real, human ways, struggling to get on with their lives after the loss of their kids.
I was just beginning to believe the movie was going to be entirely fantastical, without explaining anything when we started getting some juicy answers...
What a time we live in for whacky, well done elevated horror!",,2025-10-24
2025-10-21,Speak No Evil,2024,https://boxd.it/bqV26B,4,,"A fantastically well done piece of candy. Superb dialogue and acting from our leads keep the movie interesting, with the suspension of knowing something is horribly wrong eating at you in perfect amount. A psychological thriller at heart, with just the right touch of horror elements.
The only thing keeping this movie from five stars for me is the fairly predictable plot. 
Each of the adult characters felt fully realized and complete as people, especially the true hero of the film, the mother. What a badass!",,2025-10-19
2025-10-07,Over the Garden Wall,2014,https://boxd.it/bhTmtv,3.5,,"A charming tale of two brothers trying to find their way home through strange and enchanted woods. Each episode tells a brief serial with new characters and setting, keeping each feeling fresh. Accompanied by a truly fantastic old-timey big band Dixie style score, the whole show is dripping with charm and character.
I know many people that make this a yearly October viewing, and I get it. Personally I found it quite charming, but I don't think I'll be itching to see it again. I was searching for some deeper meaning to this land, like Oz, but I failed to find one (maybe I'll read some more reviews and feel dumb for not seeing something). That's okay, it was still fun!",,2025-10-04
2025-10-07,The Long Walk,2025,https://boxd.it/biej03,4,,"Anyone story can build suspense by making the audience wonder ""what's going to happen!?""
That's not what you get with this movie. You know almost exactly what's going to happen, and it's horrifying. It is suspense in a way that Steven King has perfected. I felt like I was on the Long Walk with the characters, knowing that another death was always right around the corner... I just wish the ""twist"" of the characters dying would have been an actual twist, not a clear part of the advertising. I suppose advertising it otherwise would have been too difficult.
There are quite a few metaphors about capitalism I had rolling about my head while watching. The world feltOrwellian, and I wanted quite a bit more world building than the very little given. The boys start walking a few minutes in... And they go until the end. You know what you're getting with this one.
How did I just sit through a whole movie with just some guys walking?? I guess it was done quite well!",,2025-09-28
2025-10-07,HIM,2025,https://boxd.it/bhVM59,4.5,,"It's hard not to read all of the negative reviews before writing mine... Because I really enjoyed this movie. It's dripping with style and has Peele's visual influence all over it. It addresses legitimate concerns about how we as a culture idolize football - we love to watch men hit each other! It may be the first time many viewers have though of football players essentially being gladiators, and I imagine it is a hard pill to swallow for many Americans. The way the movie blends ideas of satanism, capitalism, paganism, and this gladiator idea could feel confusing - but that's very much intended. Our lead character is also realizing how messed up the whole system is, and is heavily drugged for many scenes. 
I would not recommend this movie to everyone, especially not people who need everything in their movies to make complete sense to them by the time the credits roll. But to those who are willing to go along for the ride, this movie is a blast.",,2025-09-14
2025-10-07,Mission: Impossible,1996,https://boxd.it/bhSTVb,4.5,Yes,"I'd say ""the movie that started it all,"" but apparently this franchise is based on an old show. This movie is the most ""spy"" movie of the series, forcing you to always wonder who you can trust. All characters are compelling, and the action is gripping. No other entries in the series has made me feel as nervous, excited, or curious. Fantastic.
Also, young Tom Cruise is so fun!",,2025-09-06
2025-10-07,Honey Don't!,2025,https://boxd.it/bieuLp,4,,"Okay, maybe I wasn't completely sober.
But I had SUCH a fun time watching this movie. I didn't know I needed a lesbian noir. 
The acting is superb (not to mention incredibly sexy), and the setting is eclectic and wonderful.
I could see a slightly different version of this movie that just hates on men, but I genuinely found this take hilarious.
Truly a ~vibes~ movie as well, which I am always into (but I'm still arguing that point to most, so the negative reviews are a shame, but not a surprise).",,2025-08-23
